,max,min,grade
0,67.90576552998513,60.275468113038855,A
1,60.275468113038855,52.64517069609258,B
2,52.64517069609258,45.0148732791463,C
3,45.0148732791463,37.38457586220002,D
